clement,clem,clementine,clemmie
manola,nonnie
zeph,zephaniah
rafael,rafa,rafaela,raphael,raph
oswald,waldo,ossy,ozzy,ozzie
arzada,zaddi
eudoris,dossie,dosie
monica,monna,monnie
dominic,domenic,dom,dominick
asa,asahel,asaph
brenda,brandy
lurana,lura
tobias,bias,toby,tobiah
jehiel,hiel
naomi,omi
pocahontas,pokey
sigismund,sig
abednego,bedney
aristotle,telly
mortimer,mort,morton
kameron,kam
woodrow,elwood,woody,wood,ellswood,elswood
andrew,andre,drea,andrea,rea,andi,anderson,andy,drew
isaiah,zadie,zay
june,junie,june,junius
mitchell,mitch
brittany,britt,brittney
irvin,irving,irv
leslie,les,lester,lez
salome,loomie
yeona,onie,ona,yeona
diane,diana,dicey,didi,di,dicie,eudicy,eurydice
harvey,harve
cage,micajah
martine,tine,tina,martina
sabrina,brina
rhynie,rhyna
india,indie,indy
kingston,king,kingsley
luke,lucas,lucias,luther,lucky
ephraim,eph
perry,pelegrine,peregrine
spencer,spence
tryphena,phena
cyrus,onicyphorous,cyphorus,osaforus,syphorous,cyrenius,swene,cy,renius,cene,cyrus,osaforum,cyril,serilla
eliphalet,left
ignacio,nacho,nacio
kaitlyn,kaitlin,kait,kaitie,kaitlynn,lyn,cat,cate,cath,cathi,cathie,catie,caty,katharine,kat,kath,kathi,kathie,kati,kitty,kittie,kit,caitlin,cait,caity,caitlyn
kimberly,kimberley,kim,kimmy
dalton,dahl,dal
sydney,sidney,syd,sid,sigfired,sigfrid,siddharth,siddhartha
winston,winton,wint
tiffany,tiff,tiffy
timothy,tim,timmy,timon
webster,webb
erasmus,raze,rasmus
deborah,debbie,deb,debra,debby,debora
deuteronomy,duty
nelson,nels
russell,russ,rusty
harriet,hattie,mahala,hallie,hally,harrieta
stacey,stace
caden,cade
gregory,greg,gory,gregor,greggory,gregg,greig
arthur,artemus,art,arfie,artie,arty
candace,candy,dacey,candi,candice
david,dave,day,davey,davie,davo,davy
octavia,tave,tavia
abraham,abram
ebenezer,eben
abigail,gail,abbigail,nabby,abby,abbe,abbi,abbey,abbigale,abigale,app,abel,ebbie,ab,abe,eb,abiel,abijah,bige,abner,abbie,abi,gayle,abey,abie
kipling,kip
alverta,virdie,vert
sarilla,silla,sarilla
experience,exie
clayton,clay
washington,wash
zachary,zachariah,zachy,zach,zack,zak,isaac,ike,ezekiel,zeke,ez,ezideen,ezra,zac,zakk,zachery
acie,ace,acey,acie
cleatus,cleat
stacy,eustacia,stacia,anastasia,ana,stacy
justin,justin,justus,justina
rosina,sina
walter,wallace,wally,walt
eberhard,ebbe
edith,edie,edye,edyth,edythe
marissa,rissa
francis,frannie,franniey,fran,francie,francine,franny
fanny,fannie
franklin,frances,frankie,frank,franklin,franklind
priscilla,prissy,lessie
claire,clair,clare,clara,clarissa,clarence,clarinda
cecilia,celia,cissy,cicely,cilla,ceecee,sissy,sis
fay,faye
nicole,nicky,nickie,nichola,nicola,nicki,nole,nikki,cole,colie,nikole,coll
nicholas,nick,claes,claas,nic,nico,nikolas,nik
maurice,amos,moses,mose,moss,maurice,morey,morris,mo,moe,mossie
seymour,see
stella,essy,es,estella,stella,estelle
noel,nowell
florence,flora,flossy,flo,florrie,flossie,floy
edna,edna,edny
pheriba,ferbie,pherbia
algernon,algy
bart,bartholomew,bartel,bat,meus,mees,barticus,batt,burt
rebecca,becca,beck,becky,reba,becki,beki
tranquilla,quilla,trannie,quilla
emmanuel,emanuel,manuel,manny,immanuel,mannie
emmy,emma
jebadiah,jeb
dorothy,dortha,dolly,dot,dotty,dotha,dolores,dodie,doll
felicia,feli
felix,fel
lavonne,levone
penelope,penny
kerry,kez
sylvester,sy,silvester,vester,silas,si,sly,vest,syl,sion,sylvanus,vessie,sim
simon,simeon
arnold,arnie
bezaleel,zeely
carmelo,melo
jeffrey,jefferson,sonny,geoffrey,geoff,jeff,jefferey,jeffery
judith,judson,jud,judie,judy,judi,jody,judah,juda,juder,jude,jodi,jodie,jojo
lincoln,link
scott,prescott,scotty,pres,sceeter,squat,scottie
jasper,jap
eighta,athy
erwin,irwin
eunice,nicie,unice
carmellia,mellia
mellony,lonnie
dorcus,darkey
sharon,shaina,sha,shay,shaz
myrtle,myrt,myrti,mert
gavin,gav
boetius,bo
douglas,doug,dougie
odell,odo
chloe,clo
garrick,garri
fiona,fi
claudia,claud
donald,dony,donnie,don,donny,donovan
gordon,gordie,gordy,geordie
jahoda,hody,hodie,hoda
monteleon,monte
trevor,trev
hermione,hermie
arielle,arie,ari
pleasant,ples
reuben,rube,ruben
gary,gareth,gar,gare,gary
vernisee,nicey
tyler,ty,tyron,tyrone,tyson
ursula,sula
hosea,hosey,hosie
laveda,veda
mark,marcus,marc,marky
vanburen,buren
rhoda,rodie
sebastian,sebby,seb,bastian
vivian,viola,ola,vi,viv,violet
otis,ode,ote
giovanni,gio
gloria,glory
ramona,mona
effie,euphemia,effy,phemie,evie
philippa,pip,pippa,philly
phillip,phil,philip
murdoch,murdy
ethel,eth
masayuki,masa
iona,onnie
levi,levy,aleva,leve
arminda,mindie,mindy
beverly,bev
horace,horry
tabitha,tabby
yoshihiko,yoshi
safieel,safie
temperance,tempy
lafayette,laffie,fate,lafe
marvin,marv
orphelia,phelia
bazaleel,basil,baz,bazza
kevin,kev
yvonne,vonna
eliphalel,life
philander,fie,philinda
thaddeus,thaddaeus,tad,thad,thady
tamara,tamarra,tammy,tammie
bernard,barnabas,barney,bernie,berney,barnaby,barnett
pamela,pam,pammy,parmelia,melia,permelia
phoebe,penie,fifi
providence,provy
yulan,lan,yul
eleazer,lazar
eseneth,senie
montgomery,monty,gum
wesley,westley,west,wes
ross,roscoe
ryan,ry
jasmine,jas,jaz
artelepsa,epsey
lorenzo,loren
mavery,mave,mavine
ralph,ralphie
brian,bryan,bryant
brianna,bri,breanna,breeanna,bree
shloime,shlomo
desmond,des
moshe,moishy
ambrose,brose,ambers,ambie,amby
vijay,vij
zebedee,zeb
adrian,rian
adriane,riane,andriane,adrienne,rienne,adri
azariah,aze
california,callie,calpurnia,cally
olivia,olive,nollie,livia,ollie,oliver,livvy,olwen,oli
percy,perceval,perce,percival
felicity,flick,tick,fliss
noreen,norrie,norette,norry
lemuel,lem
wendy,wen
gwen,gwendolyn
lecurgus,curg
archilles,kill,killis
noah,manoah
michelle,michaela,shell,mikaela,shel
michael,mickey,micky,mike,micah,mick,mikey,micheal,miky
sophia,sophie
sophronia,fronia,frona
chance,chauncey,chan
letitia,tish,titia,lettice,lettie,letty,tisha,titty
newton,newt
humphrey,huffie
prudence,prue,prudy
otha,theotha
valerie,valeri,felty,valentina,vallie,val,valentine
daphne,daph,daphie
griselda,grissel
saffron,saffy
haseltine,hassie
mervin,merv,mervyn
pink,pinckney
nadine,nada
deidre,deedee,dre
norbusamte,norbu
roland,rollo,lanny,rolly
charity,chat
irene,rena,serena
dennis,denny,dennison,denis,den
selma,anselm,ansel,anse,ance
araminta,minty,armida,middie,ruminta,minty
rocky,rocco
grace,gracie
keziah,kizza,kizzie,kissy
alixandra,alix
columbus,clum
hortense,tensey
myra,almira,samyra
norman,norm
herman,harman
duncan,dunk,dunky
hopkins,hopp,hop
sondra,sonnie
curtis,courtney,curt,court,curtis,kurt,kurtis
muriel,mur
stewart,stew,stewie
lydia,lidia,lyddy,liddy
ivy,iva
sibbell,sibbilla,sybill,sibbie
stuart,stu
thomas,thom,tommy,tom
joyce,joy
aquilla,quil,quillie
vernon,laverne,vernon,verna,vern
victoria,vic,vicki,vickie,vicky,levicy,vicy,torie,tory,vickey,vikki,vick,victor
hiram,hezekiah,hy,hez,kiah
julie,julia,julie,jill,julian,jule,julias,jilly,jillian,juley
socrates,crate
alzada,zada
gertrude,gertie,gert,trudy,trudie,trudi
hamilton,ham
quinton,quincy,quin
stanley,stanford,stan,stanislas,stanislav,stanislaw
josetta,jettie
malachi,mally
sephy,persephone,seph
tanafra,tanny
alban,alby
cecily,cecie
archibald,archie
eugene,gene
appoline,appy,appie
elvira,elvie
teresa,tess,theresa,tessa,tessie,tessy
terence,terry,terri,terrie,teri
tracy,trace
arthusa,thursa
james,jimmy,jim,jamie,jimmie,jem,jayme,jamey,jimi
jerry,jeri,jerri
gerald,gerard,ged,geraldine,gerry,gerrie,geri,gerri
jeremy,jeremiah,jereme
jason,jace,jay
jemima,mima
benjamin,benjy,bennie,ben,benny,benji,benjie
jacob,jake,jacobus,jakob
jezza,jez
zedediah,zed,zedekiah
bridget,beedy,bridie,biddie,biddy,bridgie
jedediah,dyer,jed,diah,jedidiah
obadiah,obed,obie,obedience,beda,obediah
mackenzie,kenzy,mac,mc,mack
maximilian,max,maximillian,maxine,maxwell,maxie,maxy
malcolm,mal,malc
samantha,sammy,sam,mantha,samuel,sammi,sammie
samson,sampson
richard,rick,riche,rich,richie,ricky,rickey,ricki,rickie
cedric,ced
broderick,brody
derrick,derek
eric,erick
enrico,rico
dickson,dick,dickon,dickie,dicky,dickey
alfred,alfreda,alfy,alf,alfie,alfonse,alfonzo,fonz,fonzie,alvin,alvie,alvy,alfonso
melody,lodi
george,georgiana,georgia,georgie,georgina
lavinia,lavina,vina,lavonia,louvinia,ina
veronica,vonnie
reggie,reginald,reg,regina,ronald,reynold,naldo,renny,rae,ray,raymond
virginia,ginny,virgy,ginger,gina,gena
ronnie,ron,ronny,ronie
cameron,cam
campbell,camp
william,willie,willy,will,wilfred,wil,wilhelm,wilson,wilford,wilf,willard
vanessa,essa,vanna,vannie,nessie,nessa
suzanne,sue,susie,susan,suzie,susannah,su,susy,suzi,suzy,susanna,suze
steven,stephan,steve,stephen,stevie
stephanie,stephie,steffi,steffie,steffy,steff,steph,stef
rodger,roge,roger,rog
robert,roberta,rob,robbie,roby,robby,robbi
adolphus,dolph,ado,adolph
randolph,randy,randall
rudolph,rudy,rudolphus
philadelphia,delpha
patrick,pate
peter,pete,petey
patricia,pat
beatrice,bea,trisha,trixie,trix,tricia,trish,beatrix
nathan,nathaniel,nate,naz,nat,nathanael
natasha,tasha,tash,tashie
jonathan,jonathon,johnathan,than,johnathon
john,johnny,jon,jonny,jonnie,johny,joh,johnnie,jonty
jacqueline,jackie,jacqui,jacquelyn,jacky
jackson,jack,jacko,jak
ignatius,ignatzio,natius,iggy
asenath,assene
natalie,natty
napoleon,nap,nappy
miriam,mimi,miranda
amanda,mandy,manda,armanda,mandie,mendy
matthew,mathew,matt,mathias,thias,mat,matthias
mathilda,tillie,mattie,maty,matilda,tilly,matty
martha,marty
gretchen,gretta,greta
maddison,maddie,maddi,madie
magdalena,magdelina,magda,magdalene
meghan,maegen,meg,maggy,megan,mags,maggie,meggie
manerva,minerva,nervie
madeline,maddy,madelyn,madeleine
lucille,luella,lula,cille
leroy,roy
leanne,lea
lauren,lauri,ren,laurie,lauryn,lorie,laurinda,laura,lorry
lawrence,larry,laurence,law,lawrie
kenj,kenji
karen,karon,caro
juanita,nita
josephine,fina
janet,jan,jane,janie
jessica,jessie,jess,jesse
isabel,bell,belle,arabella,bella,arabelle,isabella,issy,isabelle,bela,annabelle,izzy,bel,isy,izzie,isobel
harold,hal
harrison,harry
henry,henrietta
carthaette,etta,etty,retta
eleanor,lanna
elnora,nora
conrad,con,conny,cornelius,conor,connie,constance
niel,cornelia,nelly,cornie,nelia,corny,nelle,nellie,nell
danielle,ellie,dani,daniela,daniella,daniel,dan,danny,dann,dannie
elaine,lainie,eileen,aileen
helen,ellen,helena,helene
lenora,elena,ella,el
ellender,elly
elmira,mira
gabriella,gabriel,gabe,gabby,gabrielle,gabriela
augustus,august,gus,augustine,austin
frederica,frederick,freddie,freddy,fred,freda,frieda,fredericka,ricka
ferdinando,nando,ferdinand,ferdie,ferd,ferdy,fernando,nandy
evelyn,evelina,evangeline,ev,evan,vangie,eva,eve,evaline
earnest,ernestine,ernie,ernest
elizabeth,beth,betsy,betty,bethena,eliza,libby,elsie,lisa,allyssa,elisa,lizzy,lizzie,liza,liz,elysia,lissa,bessy,bethany,bette,elisabeth
delphine,delphi
lola,lolly
deliverance,delly,dilly
lilibet,lil,lila,lillah,lillie
cordelia,cora,corey,coco,cordy,corrie
christiana,kris,kristy,christy,chris,christina,christopher,christine,christa,christian,crissy,christiano,chrissy,christoph,crystal,tal,crys,kristel,kristen,kristin,kristine,kristopher,christie,kristi,kristie,chrissie,krissy,kristina,krissie
anthony,ant,tony,toni,tonia
antoinette,netta,annette,nettie,antonia
anna,anne,ann,annie
augusta,augustina,gatsy,gussie
agatha,aggy
charles,charlie,chuck,chuckie,chucky
carlton,carl
charlotte,char,chick,carlotta,lottie,lotta
catherine,kathy,katy,kasey,katarina,kate,katelin,kaye,katelyn,katherine,kathleen,kathryn,katie,kay
bill,billy
arlene,arly
alyssa,lissia
alonzo,lon,lonzo
almena,mena,armena,almina
alison,ali,alice,allie,allen,ally,allison,allyson,alan,al,alanson,allan
alexander,alexis,lexi,aleksandr,alex,alek,alexandria,drina,alexandra,lex,aleck,xan,zander,sander
alexa,aly,lexie,alexia,alyson
adelbert,del,albert,delbert,alberta,elbert,elbertson,elbie
adelphia,delphia
adelaide,adele,adela,della,delia,dell,adeline
heidrun,heidi
addison,addie,adaline,ada,addy,adie
bert,bertie,bertha,bertram
alec,alicia
belinda,linda,lindy,lindie
bob,bobby,bobbie,bobbi
cassandra,cassie,cassidy,cass,caswell,cathy,casey,cathleen
carol,carrie,carolann,caroline,carole,carolyn,cary
clifton,cliff,clifford
bradford,brad,bradley,bradly,brady
aurelia,ree,rilly,orilla,aurilla,ora
darlene,darry,deanne
delius,dee
bess,bessie
elsey,elze
jennifer,jenny,jennie,janice,jannett,jeannie,jeanette,jeanne,jennet,jenn,jen,janey,jeanie,jeannette,jenni
gilbert,gil,gilford
gustavus,gustav
herbert,herb,herbie
howard,howie
hubert,hugh,hub,huey,hughie
nibby,ib
dorothea,dora
jincy,jinsy
joseph,jo,jos,joe,joey
johanna,joann,joanne,johannah
josey,josie,josophine
joshua,josh
kendall,ken,kenny,kendrick,kendrik,kenneth,kent,kennedy
elisha,lish
elias,eli
ashley,ash,ashlee
leah,lee
leonard,lias,leonidas,leo,leon,len,lenny,leonora,leonore,elenor,leopold
loretta,lorrie,lorraine
louisa,eloise,heloise,louise,elouise,lois,lou,louis,lu,lewis,louie,lucia,lucy,lucius,lucinda
cynthia,cintha
arilla,rella
avarilla,rilla
malinda,melinda,mel,melanie,mellie
melvin,melvyn,melvina,melv
peggy,peg,peggie
margaretta,margy,margie,marge,margery,rita,margarita,metta,marguerite,marjorie
patsy,patty,patti
maude,maudie,maud
mckenna,kenna,meaka
emeline,em
carmon,carm
amelia,amy
millie,emily,emil,emmie
camille,cammie,camilla
melissa,melly,missy
mercedes,merci
marcie,mercy
demaris,dea,maris,demerias
mary,mariah,maria,marietta,marie,riah
may,mae
molly,mollie
wilhelmina,minnie
marian,marianna,marion
mittie,mitty
mehitabel,mabel
esther,essie
hester,hessy
heather,hetty,hitty,hettie,heath,heathcliff
nancy,nance
norbert,norby
paul,paulie
paula,lina,paulina,pauline
angela,angel,angie,angelica,angelina,ange
hobkin,hob
dobbin,dob
barbara,bab,barby,babs,barbery,barbie,barb
roderick,rod,roddy,rodney,ricardo
roxanne,roxane,rox,roxie,roxanna,roseann,roseanna,roseanne,roxana,roxy
rosabel,roz,rosa,rose,rosabella,rosalinda,rosalyn,rosie,rosemary
sheldon,shelton
rachel,shelly
shirley,shirl,shelley
theo,theodora,theodore,theodosia,theodosius
winifred,winnie,winnet,winnifred,winfield,winny
edward,eddie,ed,eddy,edgar,edmond,edmund,eduardo
edwin,win,edwina
ted,teddy,teddie
nana,nannie
vincent,vince,vinnie,vin,vinny,vincenzo
calvin,cal
caleb,cale,calum
cheryl,cher,sherry,sher,sheryl,cherilyn
solomon,salmon,sol,sal,saul
sullivan,sallie,zolly,solly,sully,sally
chadwick,chad,chas,chaz